{
    "H_star": 23,
    "num_seeds": 10,
    "candidates": [
        6,
        15,
        23
    ],
    "mu_values": {
        "6": 3.921454042941278,
        "15": 6.744111485339569,
        "23": 8.163068124950142
    },
    "ttl_summary": {
        "min": 0.0,
        "q1": 6,
        "median": 15,
        "q3": 23,
        "max": 78.59
    }
}