{
    "H_star": 27,
    "num_seeds": 10,
    "candidates": [
        15,
        20,
        27
    ],
    "mu_values": {
        "15": 13.189611831424553,
        "20": 15.62505099044067,
        "27": 18.72997133026947
    },
    "ttl_summary": {
        "min": 0.05,
        "q1": 15,
        "median": 20,
        "q3": 27,
        "max": 85
    }
}