{
    "H_star": 8,
    "num_seeds": 500,
    "candidates": [
        12,
        18,
        24
    ],
    "mu_values": {
        "12": 21.7888505066421,
        "18": 28.818309597020992,
        "24": 34.445775144440546
    },
    "ttl_summary": {
        "min": 0.0,
        "q1": 12,
        "median": 18,
        "q3": 24,
        "max": 97
    }
}
