{
    "H_star": 50,
    "candidates": [
        18,
        34,
        50
    ],
    "mu_values": {
        "18": 45.15134667659658,
        "34": 71.04956520176833,
        "50": 87.13760634846291
    },
    "ttl_summary": {
        "min": 0.01,
        "q1": 18,
        "median": 34,
        "q3": 50,
        "max": 84
    }
}