{
    "H_star": 31,
    "num_seeds": 10,
    "candidates": [
        15,
        23,
        31
    ],
    "mu_values": {
        "15": 22.874753049543003,
        "23": 32.30033777434658,
        "31": 42.20129498554624
    },
    "ttl_summary": {
        "min": 0.0,
        "q1": 15,
        "median": 23,
        "q3": 31,
        "max": 90.34
    }
}