{
  "selfish": [
    -0.018667796752765378,
    0.4133011679353408,
    0.9600974342978644,
    0.07773407936344721,
    0.38077944793239105
  ],
  "altruist": [
    0.020201582310319436,
    0.4078083029151182,
    0.9644968419497316,
    0.0751307689967461,
    0.29599694198301274
  ],
  "utilitarian": [
    -0.012000132857598619,
    0.4067634762687133,
    0.9597918994682076,
    0.07530009372567677,
    0.36233653467535054
  ]
}