{
  "selfish": [
    0.0014883027174968217,
    0.4747654307572779,
    0.9805987818662131,
    0.10606841902830347,
    -0.2296569744163261
  ],
  "altruist": [
    -0.0028018809676374954,
    0.48747195864535664,
    0.9805371222888465,
    0.11932939931188101,
    -0.2699228920661242
  ],
  "utilitarian": [
    0.004060656831699109,
    0.4804895801340185,
    0.9804922611585013,
    0.10902204167723772,
    -0.25630632725572533
  ]
}