{
  "selfish": [
    1,
    1,
    1,
    1,
    -1
  ],
  "altruist": [
    1,
    1,
    1,
    1,
    1
  ],
  "utilitarian": [
    -0.001786707187866022,
    0.48975626256073873,
    0.9798274057079985,
    0.11321356494268343,
    -0.22547933790978722
  ]
}