{
  "selfish": [
    -0.04901704176415625,
    0.49095189237906517,
    0.9601093200530341,
    0.07141595568470051,
    0.02771241538571182
  ],
  "altruist": [
    -0.02779781285065808,
    0.4692123710636374,
    0.9679043662002228,
    0.07091693665825405,
    -0.15089033148497427
  ],
  "utilitarian": [
    -0.017711151059336624,
    0.47652196745083114,
    0.9671974238954688,
    0.06610575428942368,
    -0.12130186066023921
  ]
}