{
  "selfish": [
    -0.015101931141460348,
    0.24731393697570622,
    0.9465631975825659,
    0.15271968403001376,
    -0.14391538401975343
  ],
  "altruist": [
    -0.015042632926874728,
    0.24757202780652543,
    0.9466182976746675,
    0.1525782988691238,
    -0.1436588047930252
  ],
  "utilitarian": [
    -0.014837907492142866,
    0.2474689812427563,
    0.9467413972425911,
    0.1519206154074791,
    -0.13959185533969595
  ],
  "selfish2": [
    1,
    1,
    1,
    1,
    -1
  ],
  "altruist2": [
    1,
    1,
    1,
    1,
    1
  ]
}
